ISO,Pays,Institution Financière
ARG,Argentina,BCBS 
AUS,Australia,BCBS 
BEL,Belgium,BCBS 
BRA,Brazil,BCBS 
CAN,Canada,BCBS 
CHN,China,BCBS 
EU,European Union,BCBS 
FRA,France,BCBS 
DEU,Germany,BCBS 
HKG,Hong Kong,BCBS 
IND,India ,BCBS 
IDN,Indonesia,BCBS 
ITA,Italy ,BCBS 
JPN,Japan,BCBS 
KOR,Korea,BCBS 
LUX,Luxembourg,BCBS 
MEX,Mexico,BCBS 
NLD,Netherlands,BCBS 
RUS,Russia,BCBS 
SAU,Saudi Arabia,BCBS 
SGP,Singapore,BCBS 
ZAF,South Africa,BCBS 
ESP,Spain,BCBS 
SWE,Sweden ,BCBS 
CHE,Switzerland ,BCBS 
TUR,Turkey,BCBS 
GBR,United Kingdom,BCBS 
USA,United States,BCBS 