ISO,Pays,Institution financière
AUS,AUSTRALIA,OECD
AUT,AUSTRIA,OECD
BEL,BELGIUM,OECD
CAN,CANADA,OECD
CHL,CHILE,OECD
CZE,CZECH REPUBLIC,OECD
DNK,DENMARK,OECD
EST,ESTONIA,OECD
FIN,FINLAND,OECD
FRA,FRANCE,OECD
DEU,GERMANY,OECD
GRC,GREECE,OECD
HUN,HUNGARY,OECD
ISL,ICELAND,OECD
IRL,IRELAND,OECD
ISR,ISRAEL,OECD
ITA,ITALY,OECD
JPN,JAPAN,OECD
KOR,KOREA,OECD
LVA,LATVIA,OECD
LTU,LITHUANIA,OECD
LUX,LUXEMBOURG,OECD
MEX,MEXICO,OECD
NLD,NETHERLANDS,OECD
NZL,NEW ZEALAND,OECD
NOR,NORWAY,OECD
POL,POLAND,OECD
PRT,PORTUGAL,OECD
SVK,SLOVAK REPUBLIC,OECD
SVN,SLOVENIA,OECD
ESP,SPAIN,OECD
SWE,SWEDEN,OECD
CHE,SWITZERLAND,OECD
TUR,TURKEY,OECD
GBR,UNITED KINGDOM,OECD
USA,UNITED STATES,OECD